filename,width,height,class,xmin,ymin,xmax,ymax
umpire_193_jpg.rf.02ac3c48eabf6283ba18ca194deef0d3.jpg,640,640,No_Action,143,4,463,640
umpire_107_jpg.rf.0fa0ad4a805c25c4c54f8e6e18f7b786.jpg,640,640,No_Ball,123,0,275,409
umpire_107_jpg.rf.0fa0ad4a805c25c4c54f8e6e18f7b786.jpg,640,640,No_Action,275,0,378,409
umpire_107_jpg.rf.0fa0ad4a805c25c4c54f8e6e18f7b786.jpg,640,640,No_Ball,78,409,275,640
umpire_107_jpg.rf.0fa0ad4a805c25c4c54f8e6e18f7b786.jpg,640,640,No_Ball,275,437,628,640
umpire_63_jpg.rf.0edf11d1f229fd41c53f53ec0af21041.jpg,640,640,Wide,42,56,422,268
umpire_63_jpg.rf.0edf11d1f229fd41c53f53ec0af21041.jpg,640,640,Six,422,0,640,268
umpire_63_jpg.rf.0edf11d1f229fd41c53f53ec0af21041.jpg,640,640,No_Ball,0,268,365,640
umpire_63_jpg.rf.0edf11d1f229fd41c53f53ec0af21041.jpg,640,640,Out,422,268,602,640
umpire_238_jpg.rf.0691ae4407ee06c2da5ff0b8279c35a7.jpg,640,640,Out,0,0,114,390
umpire_238_jpg.rf.0691ae4407ee06c2da5ff0b8279c35a7.jpg,640,640,No_Ball,211,13,640,390
umpire_238_jpg.rf.0691ae4407ee06c2da5ff0b8279c35a7.jpg,640,640,Wide,0,390,211,572
umpire_238_jpg.rf.0691ae4407ee06c2da5ff0b8279c35a7.jpg,640,640,Out,223,390,502,640
umpire_187_jpg.rf.16069ee6781c67e98f6b126822d7f6fa.jpg,640,640,Out,0,0,345,307
umpire_187_jpg.rf.16069ee6781c67e98f6b126822d7f6fa.jpg,640,640,No_Ball,432,0,640,307
umpire_187_jpg.rf.16069ee6781c67e98f6b126822d7f6fa.jpg,640,640,No_Ball,0,307,428,640
umpire_187_jpg.rf.16069ee6781c67e98f6b126822d7f6fa.jpg,640,640,No_Ball,433,307,640,640
umpire_3_jpg.rf.02d25c15dd38294e7477488f735a962a.jpg,640,640,No_Action,138,16,456,640
umpire_13_jpg.rf.0b0dc3f63b69869e06e5eb58687c32ab.jpg,640,640,No_Ball,68,0,345,339
umpire_13_jpg.rf.0b0dc3f63b69869e06e5eb58687c32ab.jpg,640,640,Six,345,0,552,339
umpire_13_jpg.rf.0b0dc3f63b69869e06e5eb58687c32ab.jpg,640,640,Wide,0,339,345,550
umpire_13_jpg.rf.0b0dc3f63b69869e06e5eb58687c32ab.jpg,640,640,Six,345,339,640,640
umpire_135_jpg.rf.05889a56cfecc75af74239ef1027c3f4.jpg,640,640,No_Ball,93,0,390,307
umpire_135_jpg.rf.05889a56cfecc75af74239ef1027c3f4.jpg,640,640,Out,390,0,640,307
umpire_135_jpg.rf.05889a56cfecc75af74239ef1027c3f4.jpg,640,640,No_Ball,159,307,390,640
umpire_135_jpg.rf.05889a56cfecc75af74239ef1027c3f4.jpg,640,640,No_Action,428,307,640,640
umpire_135_jpg.rf.05889a56cfecc75af74239ef1027c3f4.jpg,640,640,No_Action,390,307,510,640
umpire_9_jpg.rf.128eb7e16b1614cbae72d392688a5a5a.jpg,640,640,No_Action,120,118,599,640
umpire_122_jpg.rf.15df313170c150e6c25223f59d906ff3.jpg,640,640,Out,60,3,383,640
umpire_161_jpg.rf.15399ccf79f2fcd8f932005274958f20.jpg,640,640,Wide,0,0,211,249
umpire_161_jpg.rf.15399ccf79f2fcd8f932005274958f20.jpg,640,640,Wide,211,0,640,249
umpire_161_jpg.rf.15399ccf79f2fcd8f932005274958f20.jpg,640,640,Out,0,249,173,640
umpire_161_jpg.rf.15399ccf79f2fcd8f932005274958f20.jpg,640,640,Six,377,249,577,640
umpire_35_jpg.rf.00074d5143a1bab6db89d99fe2a2f132.jpg,640,640,Out,2,29,266,192
umpire_35_jpg.rf.00074d5143a1bab6db89d99fe2a2f132.jpg,640,640,Six,0,192,339,640
umpire_35_jpg.rf.00074d5143a1bab6db89d99fe2a2f132.jpg,640,640,Out,339,192,640,640
umpire_162_jpg.rf.1a64d96ae3fe04399eccbd29d255c2fb.jpg,640,640,No_Action,0,33,144,291
umpire_162_jpg.rf.1a64d96ae3fe04399eccbd29d255c2fb.jpg,640,640,No_Ball,415,0,640,180
umpire_162_jpg.rf.1a64d96ae3fe04399eccbd29d255c2fb.jpg,640,640,No_Ball,217,422,640,640
umpire_203_jpg.rf.0ce502194331105861690deb15c7e4c1.jpg,640,640,No_Ball,0,0,288,371
umpire_203_jpg.rf.0ce502194331105861690deb15c7e4c1.jpg,640,640,No_Action,288,121,574,371
umpire_203_jpg.rf.0ce502194331105861690deb15c7e4c1.jpg,640,640,Wide,0,371,268,640
umpire_203_jpg.rf.0ce502194331105861690deb15c7e4c1.jpg,640,640,No_Ball,288,371,640,640
umpire_7_jpg.rf.16ee6973c48c11aa1567bcc4da869f09.jpg,640,640,No_Ball,28,55,285,615
umpire_43_jpg.rf.1a1e5fdd6623a4af705b43e16745e416.jpg,640,640,Out,0,0,226,273
umpire_43_jpg.rf.1a1e5fdd6623a4af705b43e16745e416.jpg,640,640,Six,281,0,437,219
umpire_43_jpg.rf.1a1e5fdd6623a4af705b43e16745e416.jpg,640,640,Wide,5,428,281,599
umpire_43_jpg.rf.1a1e5fdd6623a4af705b43e16745e416.jpg,640,640,No_Ball,306,428,640,640
umpire_285_jpg.rf.1c15cee8b6b478cf2252963bb37dbd3b.jpg,640,640,Out,18,0,280,320
umpire_285_jpg.rf.1c15cee8b6b478cf2252963bb37dbd3b.jpg,640,640,Six,406,0,611,320
umpire_285_jpg.rf.1c15cee8b6b478cf2252963bb37dbd3b.jpg,640,640,Six,26,320,294,640
umpire_285_jpg.rf.1c15cee8b6b478cf2252963bb37dbd3b.jpg,640,640,Six,328,320,590,640
umpire_233_jpg.rf.1b2f1755e5a289c2b05c6dfb592681d5.jpg,640,640,Six,31,42,332,300
umpire_233_jpg.rf.1b2f1755e5a289c2b05c6dfb592681d5.jpg,640,640,Six,409,0,640,300
umpire_233_jpg.rf.1b2f1755e5a289c2b05c6dfb592681d5.jpg,640,640,Out,21,300,332,640
umpire_233_jpg.rf.1b2f1755e5a289c2b05c6dfb592681d5.jpg,640,640,No_Ball,332,300,640,640
umpire_285_jpg.rf.1d50b2e99b96d6720ff03699b7eb1ed4.jpg,640,640,Out,232,41,466,579
umpire_16_jpg.rf.22670b394ce5d7085b0c0b373a422d69.jpg,640,640,Out,65,3,590,640
umpire_109_jpg.rf.2395ad837f486f6a4d182b5ebabcd4ac.jpg,640,640,No_Action,0,0,90,174
umpire_109_jpg.rf.2395ad837f486f6a4d182b5ebabcd4ac.jpg,640,640,No_Action,326,0,495,156
umpire_109_jpg.rf.2395ad837f486f6a4d182b5ebabcd4ac.jpg,640,640,No_Ball,0,307,326,640
umpire_109_jpg.rf.2395ad837f486f6a4d182b5ebabcd4ac.jpg,640,640,No_Ball,326,307,640,640
umpire_73_jpg.rf.1c3e615320c809831ddddc1e591bb02b.jpg,640,640,No_Ball,0,36,307,204
umpire_73_jpg.rf.1c3e615320c809831ddddc1e591bb02b.jpg,640,640,No_Ball,307,0,640,204
umpire_73_jpg.rf.1c3e615320c809831ddddc1e591bb02b.jpg,640,640,Wide,0,214,307,582
umpire_73_jpg.rf.1c3e615320c809831ddddc1e591bb02b.jpg,640,640,Six,307,204,505,640
umpire_111_jpg.rf.25ce906e21fea14e8aa10ac8d6fab847.jpg,640,640,Six,219,2,431,640
umpire_137_jpg.rf.241dc0f736d3f64f11b4bbfb4e931e3c.jpg,640,640,Wide,17,0,184,90
umpire_137_jpg.rf.241dc0f736d3f64f11b4bbfb4e931e3c.jpg,640,640,Wide,288,0,435,185
umpire_137_jpg.rf.241dc0f736d3f64f11b4bbfb4e931e3c.jpg,640,640,Out,0,185,86,361
umpire_137_jpg.rf.241dc0f736d3f64f11b4bbfb4e931e3c.jpg,640,640,No_Ball,288,185,640,640
umpire_3_jpg.rf.221f6facfdc4bd536ea728f02415bd5e.jpg,640,640,No_Action,3,0,345,160
umpire_3_jpg.rf.221f6facfdc4bd536ea728f02415bd5e.jpg,640,640,Wide,345,0,612,160
umpire_3_jpg.rf.221f6facfdc4bd536ea728f02415bd5e.jpg,640,640,No_Ball,0,160,345,640
umpire_3_jpg.rf.221f6facfdc4bd536ea728f02415bd5e.jpg,640,640,No_Ball,345,160,640,640
umpire_105_jpg.rf.2b8649004a7aa5afc9043b53b8c4d712.jpg,640,640,No_Action,0,0,326,294
umpire_105_jpg.rf.2b8649004a7aa5afc9043b53b8c4d712.jpg,640,640,Out,326,0,640,294
umpire_105_jpg.rf.2b8649004a7aa5afc9043b53b8c4d712.jpg,640,640,No_Action,0,294,183,557
umpire_105_jpg.rf.2b8649004a7aa5afc9043b53b8c4d712.jpg,640,640,No_Action,326,294,640,640
umpire_122_jpg.rf.2ef716c4817b231cc47ac7b97c58d3c3.jpg,640,640,Out,0,0,388,303
umpire_122_jpg.rf.2ef716c4817b231cc47ac7b97c58d3c3.jpg,640,640,Wide,422,0,640,155
umpire_122_jpg.rf.2ef716c4817b231cc47ac7b97c58d3c3.jpg,640,640,Wide,0,448,329,529
umpire_122_jpg.rf.2ef716c4817b231cc47ac7b97c58d3c3.jpg,640,640,No_Action,422,465,640,640
umpire_59_jpg.rf.1f12eb6c61c32df2bb918f113327374e.jpg,640,640,Wide,0,2,384,384
umpire_59_jpg.rf.1f12eb6c61c32df2bb918f113327374e.jpg,640,640,No_Ball,401,0,640,384
umpire_59_jpg.rf.1f12eb6c61c32df2bb918f113327374e.jpg,640,640,Wide,0,384,384,640
umpire_59_jpg.rf.1f12eb6c61c32df2bb918f113327374e.jpg,640,640,Six,384,384,640,640
umpire_109_jpg.rf.328ac4f804647158d899bde000c0bb53.jpg,640,640,No_Action,322,83,599,615
umpire_78_jpg.rf.36065abb814c24a2c621e7cfbfe06f67.jpg,640,640,No_Ball,0,0,211,281
umpire_78_jpg.rf.36065abb814c24a2c621e7cfbfe06f67.jpg,640,640,No_Ball,266,0,640,281
umpire_78_jpg.rf.36065abb814c24a2c621e7cfbfe06f67.jpg,640,640,Wide,0,281,211,622
umpire_78_jpg.rf.36065abb814c24a2c621e7cfbfe06f67.jpg,640,640,Wide,211,281,640,640
umpire_284_jpg.rf.36386ce9ed2e658d8f2716dbda8b8fc9.jpg,640,640,Out,0,0,324,435
umpire_284_jpg.rf.36386ce9ed2e658d8f2716dbda8b8fc9.jpg,640,640,Six,345,0,640,343
umpire_284_jpg.rf.36386ce9ed2e658d8f2716dbda8b8fc9.jpg,640,640,Six,5,435,340,640
umpire_284_jpg.rf.36386ce9ed2e658d8f2716dbda8b8fc9.jpg,640,640,No_Ball,352,435,640,640
umpire_30_jpg.rf.3eedaa4498fea13124436cfea0f1d347.jpg,640,640,No_Ball,323,37,640,492
umpire_30_jpg.rf.3eedaa4498fea13124436cfea0f1d347.jpg,640,640,Wide,0,492,268,640
umpire_30_jpg.rf.3eedaa4498fea13124436cfea0f1d347.jpg,640,640,Wide,268,492,616,640
umpire_238_jpg.rf.39581f2d0d2912583727590b35ab0e82.jpg,640,640,Out,217,95,392,546
umpire_98_jpg.rf.3f2b0f6d0a71e8a13d5f18c499c9c4d4.jpg,640,640,No_Ball,345,0,640,288
umpire_98_jpg.rf.3f2b0f6d0a71e8a13d5f18c499c9c4d4.jpg,640,640,No_Ball,0,288,189,640
umpire_98_jpg.rf.3f2b0f6d0a71e8a13d5f18c499c9c4d4.jpg,640,640,Wide,345,288,640,640
umpire_85_jpg.rf.36b0eb85ab87e9b792c9c2b29c824f45.jpg,640,640,Wide,47,0,396,273
umpire_85_jpg.rf.36b0eb85ab87e9b792c9c2b29c824f45.jpg,640,640,Wide,396,0,640,403
umpire_85_jpg.rf.36b0eb85ab87e9b792c9c2b29c824f45.jpg,640,640,No_Ball,43,427,396,640
umpire_85_jpg.rf.36b0eb85ab87e9b792c9c2b29c824f45.jpg,640,640,Wide,396,403,640,640
umpire_278_jpg.rf.4a080bed9defc660bbd91ef3091d6b15.jpg,640,640,Six,170,0,256,246
umpire_278_jpg.rf.4a080bed9defc660bbd91ef3091d6b15.jpg,640,640,No_Ball,354,0,640,201
umpire_278_jpg.rf.4a080bed9defc660bbd91ef3091d6b15.jpg,640,640,No_Ball,0,371,256,640
umpire_278_jpg.rf.4a080bed9defc660bbd91ef3091d6b15.jpg,640,640,Wide,256,371,640,640
umpire_12_jpg.rf.4b6766b2605cce6c58590473aa40b2a5.jpg,640,640,Six,164,30,448,449
umpire_84_jpg.rf.4c208a3dc8ea665ce31d9e652f014f10.jpg,640,640,Wide,0,100,262,396
umpire_84_jpg.rf.4c208a3dc8ea665ce31d9e652f014f10.jpg,640,640,Wide,262,69,612,396
umpire_84_jpg.rf.4c208a3dc8ea665ce31d9e652f014f10.jpg,640,640,No_Action,0,396,168,640
umpire_84_jpg.rf.4c208a3dc8ea665ce31d9e652f014f10.jpg,640,640,No_Action,14,396,262,640
umpire_84_jpg.rf.4c208a3dc8ea665ce31d9e652f014f10.jpg,640,640,Wide,262,470,640,640
umpire_187_jpg.rf.3236ac6f44828cc94b965c304b660153.jpg,640,640,Out,0,0,377,320
umpire_187_jpg.rf.3236ac6f44828cc94b965c304b660153.jpg,640,640,No_Action,377,0,640,320
umpire_187_jpg.rf.3236ac6f44828cc94b965c304b660153.jpg,640,640,Six,0,320,377,640
umpire_187_jpg.rf.3236ac6f44828cc94b965c304b660153.jpg,640,640,Wide,377,320,640,640
umpire_59_jpg.rf.35cec433eafb143006c7e2a9d45fdc98.jpg,640,640,Wide,87,124,544,640
umpire_63_jpg.rf.4382f2562b65c38073c155d2b50e3a80.jpg,640,640,Wide,39,121,520,640
umpire_95_jpg.rf.4d78c43f94d15011b49c408f50350994.jpg,640,640,Six,0,0,339,345
umpire_95_jpg.rf.4d78c43f94d15011b49c408f50350994.jpg,640,640,Six,339,0,640,345
umpire_95_jpg.rf.4d78c43f94d15011b49c408f50350994.jpg,640,640,Out,99,409,339,640
umpire_95_jpg.rf.4d78c43f94d15011b49c408f50350994.jpg,640,640,Wide,339,345,592,536
umpire_119_jpg.rf.43e1fe2ccea2da2d3f10015359835d36.jpg,640,640,Six,0,0,268,364
umpire_119_jpg.rf.43e1fe2ccea2da2d3f10015359835d36.jpg,640,640,Out,268,0,640,364
umpire_119_jpg.rf.43e1fe2ccea2da2d3f10015359835d36.jpg,640,640,No_Ball,0,364,268,640
umpire_119_jpg.rf.43e1fe2ccea2da2d3f10015359835d36.jpg,640,640,Wide,268,364,640,640
umpire_69_jpg.rf.4dbe933ba392c77e30c4c51d43f26b50.jpg,640,640,Wide,0,27,307,243
umpire_69_jpg.rf.4dbe933ba392c77e30c4c51d43f26b50.jpg,640,640,Out,307,0,580,243
umpire_69_jpg.rf.4dbe933ba392c77e30c4c51d43f26b50.jpg,640,640,No_Ball,0,243,307,640
umpire_69_jpg.rf.4dbe933ba392c77e30c4c51d43f26b50.jpg,640,640,Six,475,243,640,640
umpire_127_jpg.rf.5292ffb2643cfc5c1fdad4f766ab2f93.jpg,640,640,Wide,0,0,345,364
umpire_127_jpg.rf.5292ffb2643cfc5c1fdad4f766ab2f93.jpg,640,640,Out,381,0,606,364
umpire_127_jpg.rf.5292ffb2643cfc5c1fdad4f766ab2f93.jpg,640,640,No_Action,0,364,171,640
umpire_127_jpg.rf.5292ffb2643cfc5c1fdad4f766ab2f93.jpg,640,640,Six,345,364,498,640
umpire_43_jpg.rf.51c2a49210188305da64274347d20d00.jpg,640,640,Out,186,0,345,358
umpire_43_jpg.rf.51c2a49210188305da64274347d20d00.jpg,640,640,No_Ball,345,0,590,358
umpire_43_jpg.rf.51c2a49210188305da64274347d20d00.jpg,640,640,No_Ball,187,358,345,640
umpire_43_jpg.rf.51c2a49210188305da64274347d20d00.jpg,640,640,Out,345,358,489,640
umpire_69_jpg.rf.503b5507b6b805959616f348fa203abe.jpg,640,640,Wide,79,144,564,640
umpire_77_jpg.rf.56837d5dc247a86bd726087946804f77.jpg,640,640,No_Ball,56,100,450,637
umpire_16_jpg.rf.5a0eafd4a44267281b6b85d433a01f9c.jpg,640,640,Out,0,0,332,185
umpire_16_jpg.rf.5a0eafd4a44267281b6b85d433a01f9c.jpg,640,640,No_Action,332,72,484,185
umpire_16_jpg.rf.5a0eafd4a44267281b6b85d433a01f9c.jpg,640,640,Six,0,185,317,640
umpire_16_jpg.rf.5a0eafd4a44267281b6b85d433a01f9c.jpg,640,640,No_Action,332,185,557,640
umpire_273_jpg.rf.551607499087aa76794f7bb2ae180080.jpg,640,640,No_Action,241,43,523,559
umpire_257_jpg.rf.5fc4ae3dba70e63451e7ce0183cae82e.jpg,640,640,Six,0,0,324,352
umpire_257_jpg.rf.5fc4ae3dba70e63451e7ce0183cae82e.jpg,640,640,Wide,332,41,640,352
umpire_257_jpg.rf.5fc4ae3dba70e63451e7ce0183cae82e.jpg,640,640,No_Action,0,352,332,640
umpire_257_jpg.rf.5fc4ae3dba70e63451e7ce0183cae82e.jpg,640,640,No_Action,353,352,640,640
umpire_85_jpg.rf.55e352afb662a8479a69d6a9f8ee864e.jpg,640,640,Wide,60,131,532,443
umpire_284_jpg.rf.5c066785382622eb406a75f415ee4667.jpg,640,640,Wide,300,0,640,252
umpire_284_jpg.rf.5c066785382622eb406a75f415ee4667.jpg,640,640,Wide,0,481,300,640
umpire_284_jpg.rf.5c066785382622eb406a75f415ee4667.jpg,640,640,Out,300,332,524,640
umpire_256_jpg.rf.5e7ba91446897229e02c9b08924d4e12.jpg,640,640,Six,118,0,339,384
umpire_256_jpg.rf.5e7ba91446897229e02c9b08924d4e12.jpg,640,640,No_Action,339,0,495,304
umpire_256_jpg.rf.5e7ba91446897229e02c9b08924d4e12.jpg,640,640,Out,0,384,96,640
umpire_256_jpg.rf.5e7ba91446897229e02c9b08924d4e12.jpg,640,640,No_Ball,339,384,640,640
umpire_78_jpg.rf.602aa7c1b3f6c090bd7c62df197e84da.jpg,640,640,No_Ball,32,100,459,639
umpire_193_jpg.rf.617a352cc9913ca154206283c2424f4b.jpg,640,640,No_Action,45,0,320,294
umpire_193_jpg.rf.617a352cc9913ca154206283c2424f4b.jpg,640,640,Out,320,0,640,294
umpire_193_jpg.rf.617a352cc9913ca154206283c2424f4b.jpg,640,640,Out,13,348,152,640
umpire_193_jpg.rf.617a352cc9913ca154206283c2424f4b.jpg,640,640,No_Ball,320,308,640,640
umpire_63_jpg.rf.6686d61ce7f89c9a4ab5a5e6a6383c1b.jpg,640,640,Wide,0,20,416,345
umpire_63_jpg.rf.6686d61ce7f89c9a4ab5a5e6a6383c1b.jpg,640,640,No_Ball,416,0,640,345
umpire_63_jpg.rf.6686d61ce7f89c9a4ab5a5e6a6383c1b.jpg,640,640,Six,124,345,378,640
umpire_63_jpg.rf.6686d61ce7f89c9a4ab5a5e6a6383c1b.jpg,640,640,Out,416,345,548,640
umpire_233_jpg.rf.606ba2c04c0ee15f3692a856c5228a04.jpg,640,640,Six,182,100,417,555
umpire_13_jpg.rf.65f63357f037a14a54a16c3917776d05.jpg,640,640,No_Ball,0,93,275,300
umpire_13_jpg.rf.65f63357f037a14a54a16c3917776d05.jpg,640,640,No_Ball,371,0,640,300
umpire_13_jpg.rf.65f63357f037a14a54a16c3917776d05.jpg,640,640,Out,93,318,250,640
umpire_13_jpg.rf.65f63357f037a14a54a16c3917776d05.jpg,640,640,Wide,371,300,640,640
umpire_73_jpg.rf.64f664c560483080b4a05a9619372c29.jpg,640,640,No_Ball,0,0,249,352
umpire_73_jpg.rf.64f664c560483080b4a05a9619372c29.jpg,640,640,No_Action,387,0,640,352
umpire_73_jpg.rf.64f664c560483080b4a05a9619372c29.jpg,640,640,Wide,0,352,249,547
umpire_73_jpg.rf.64f664c560483080b4a05a9619372c29.jpg,640,640,Out,301,352,580,640
umpire_145_jpg.rf.68ee0560cfe70eee074b4ab1263b8a8f.jpg,640,640,Six,131,14,514,640
umpire_7_jpg.rf.6363042909d37a24f3f5c811b1073909.jpg,640,640,No_Ball,0,0,230,352
umpire_7_jpg.rf.6363042909d37a24f3f5c811b1073909.jpg,640,640,Six,243,0,527,352
umpire_7_jpg.rf.6363042909d37a24f3f5c811b1073909.jpg,640,640,Wide,44,361,236,640
umpire_7_jpg.rf.6363042909d37a24f3f5c811b1073909.jpg,640,640,Wide,236,374,640,640
umpire_122_jpg.rf.71111d935082f9b2c680127abd91bfa8.jpg,640,640,Out,73,0,300,320
umpire_122_jpg.rf.71111d935082f9b2c680127abd91bfa8.jpg,640,640,No_Ball,300,0,504,320
umpire_122_jpg.rf.71111d935082f9b2c680127abd91bfa8.jpg,640,640,Six,0,320,300,640
umpire_122_jpg.rf.71111d935082f9b2c680127abd91bfa8.jpg,640,640,Wide,300,320,640,640
umpire_203_jpg.rf.72a66c4081b47fc4be07f26bc1f855ee.jpg,640,640,No_Ball,0,0,371,332
umpire_203_jpg.rf.72a66c4081b47fc4be07f26bc1f855ee.jpg,640,640,Six,520,0,640,332
umpire_203_jpg.rf.72a66c4081b47fc4be07f26bc1f855ee.jpg,640,640,Six,71,332,371,640
umpire_203_jpg.rf.72a66c4081b47fc4be07f26bc1f855ee.jpg,640,640,Out,371,332,574,635
umpire_118_jpg.rf.55e5ae7ed5ca2297e457e66278c6d5c7.jpg,640,640,No_Ball,31,0,435,339
umpire_118_jpg.rf.55e5ae7ed5ca2297e457e66278c6d5c7.jpg,640,640,No_Ball,435,0,640,339
umpire_118_jpg.rf.55e5ae7ed5ca2297e457e66278c6d5c7.jpg,640,640,Out,205,339,435,640
umpire_118_jpg.rf.55e5ae7ed5ca2297e457e66278c6d5c7.jpg,640,640,Wide,435,339,640,640
umpire_284_jpg.rf.6a85f806287b2bb79fa0c9b50065b27b.jpg,640,640,Out,230,41,476,576
umpire_12_jpg.rf.7377b21d26f39ed04dee6c942498d776.jpg,640,640,Six,0,0,147,140
umpire_12_jpg.rf.7377b21d26f39ed04dee6c942498d776.jpg,640,640,No_Ball,0,140,345,640
umpire_12_jpg.rf.7377b21d26f39ed04dee6c942498d776.jpg,640,640,No_Action,345,140,503,640
umpire_17_jpg.rf.6f690b0a49f4a4c5819aa2a71373979f.jpg,640,640,No_Ball,0,0,275,428
umpire_17_jpg.rf.6f690b0a49f4a4c5819aa2a71373979f.jpg,640,640,No_Action,275,5,640,428
umpire_17_jpg.rf.6f690b0a49f4a4c5819aa2a71373979f.jpg,640,640,Out,67,428,275,640
umpire_17_jpg.rf.6f690b0a49f4a4c5819aa2a71373979f.jpg,640,640,Out,275,428,475,640
umpire_36_jpg.rf.6c3dab92ef9120e3e6a8d4b7355d6d00.jpg,640,640,Out,147,0,371,396
umpire_36_jpg.rf.6c3dab92ef9120e3e6a8d4b7355d6d00.jpg,640,640,Six,413,0,640,396
umpire_36_jpg.rf.6c3dab92ef9120e3e6a8d4b7355d6d00.jpg,640,640,No_Ball,0,396,371,640
umpire_36_jpg.rf.6c3dab92ef9120e3e6a8d4b7355d6d00.jpg,640,640,No_Ball,371,396,640,640
umpire_278_jpg.rf.6f6ee70bb6dbeb3d4c8e5055baf93008.jpg,640,640,Six,158,0,256,268
umpire_278_jpg.rf.6f6ee70bb6dbeb3d4c8e5055baf93008.jpg,640,640,No_Ball,256,0,640,268
umpire_278_jpg.rf.6f6ee70bb6dbeb3d4c8e5055baf93008.jpg,640,640,Six,0,268,256,640
umpire_278_jpg.rf.6f6ee70bb6dbeb3d4c8e5055baf93008.jpg,640,640,Wide,256,333,602,640
umpire_31_jpg.rf.6dc1e59a707afcae4d5f3f9a1f3c698c.jpg,640,640,Out,259,209,387,546
umpire_90_jpg.rf.7a441991ccb3ec2dd09170291e2b802d.jpg,640,640,Six,0,0,268,409
umpire_90_jpg.rf.7a441991ccb3ec2dd09170291e2b802d.jpg,640,640,Wide,268,0,640,409
umpire_90_jpg.rf.7a441991ccb3ec2dd09170291e2b802d.jpg,640,640,Wide,5,409,268,640
umpire_90_jpg.rf.7a441991ccb3ec2dd09170291e2b802d.jpg,640,640,Six,268,409,629,640
umpire_88_jpg.rf.774192f069f3eb8f170a45556c2f4263.jpg,640,640,Wide,59,134,536,429
umpire_161_jpg.rf.7ded01f6e2cf168f6c2c950bed050b4a.jpg,640,640,Wide,0,0,326,403
umpire_161_jpg.rf.7ded01f6e2cf168f6c2c950bed050b4a.jpg,640,640,Wide,326,36,640,403
umpire_161_jpg.rf.7ded01f6e2cf168f6c2c950bed050b4a.jpg,640,640,Six,0,403,326,640
umpire_161_jpg.rf.7ded01f6e2cf168f6c2c950bed050b4a.jpg,640,640,Wide,327,403,640,640
umpire_145_jpg.rf.7bde24f24333e2d9d89ad342238513f9.jpg,640,640,Six,0,0,249,276
umpire_145_jpg.rf.7bde24f24333e2d9d89ad342238513f9.jpg,640,640,No_Action,520,0,640,288
umpire_145_jpg.rf.7bde24f24333e2d9d89ad342238513f9.jpg,640,640,No_Action,23,288,148,640
umpire_145_jpg.rf.7bde24f24333e2d9d89ad342238513f9.jpg,640,640,No_Ball,249,292,584,640
umpire_157_jpg.rf.73a8950f3821cf03d3e503ad767bb7e3.jpg,640,640,Out,175,0,403,339
umpire_157_jpg.rf.73a8950f3821cf03d3e503ad767bb7e3.jpg,640,640,Out,403,0,543,339
umpire_157_jpg.rf.73a8950f3821cf03d3e503ad767bb7e3.jpg,640,640,Six,68,339,299,640
umpire_157_jpg.rf.73a8950f3821cf03d3e503ad767bb7e3.jpg,640,640,Six,432,339,640,640
umpire_7_jpg.rf.7e9818c541b6a8453a7ac199c51453ee.jpg,640,640,No_Ball,294,0,640,313
umpire_7_jpg.rf.7e9818c541b6a8453a7ac199c51453ee.jpg,640,640,No_Ball,137,313,294,640
umpire_7_jpg.rf.7e9818c541b6a8453a7ac199c51453ee.jpg,640,640,Out,346,432,521,640
umpire_9_jpg.rf.67dee47ad24d6e58f95229fa8ed1f501.jpg,640,640,No_Action,0,0,308,268
umpire_9_jpg.rf.67dee47ad24d6e58f95229fa8ed1f501.jpg,640,640,Out,364,0,567,268
umpire_9_jpg.rf.67dee47ad24d6e58f95229fa8ed1f501.jpg,640,640,Out,125,314,361,640
umpire_9_jpg.rf.67dee47ad24d6e58f95229fa8ed1f501.jpg,640,640,Six,400,268,640,640
umpire_119_jpg.rf.8367a6713b4d2bf0369dcd902153793c.jpg,640,640,Six,77,0,198,243
umpire_119_jpg.rf.8367a6713b4d2bf0369dcd902153793c.jpg,640,640,No_Action,225,0,640,243
umpire_119_jpg.rf.8367a6713b4d2bf0369dcd902153793c.jpg,640,640,Wide,10,334,198,640
umpire_119_jpg.rf.8367a6713b4d2bf0369dcd902153793c.jpg,640,640,No_Action,198,243,520,640
umpire_119_jpg.rf.8367a6713b4d2bf0369dcd902153793c.jpg,640,640,No_Action,490,243,640,640
umpire_84_jpg.rf.7659a59baa39dc727db3e827bbf4a31c.jpg,640,640,Wide,0,0,395,178
umpire_84_jpg.rf.7659a59baa39dc727db3e827bbf4a31c.jpg,640,640,Out,409,36,538,300
umpire_84_jpg.rf.7659a59baa39dc727db3e827bbf4a31c.jpg,640,640,Out,36,300,246,640
umpire_84_jpg.rf.7659a59baa39dc727db3e827bbf4a31c.jpg,640,640,Six,471,300,640,640
umpire_84_jpg.rf.8053a2e1bbc9969110ebe117e468ae70.jpg,640,640,Wide,70,120,535,440
umpire_34_jpg.rf.82e16efb822ebb56243dd37a21af869e.jpg,640,640,Out,253,155,411,547
umpire_4_jpg.rf.7b9c0cfecb8b1004d91c6054ac3c9da4.jpg,640,640,Six,0,0,268,428
umpire_4_jpg.rf.7b9c0cfecb8b1004d91c6054ac3c9da4.jpg,640,640,Wide,268,0,640,263
umpire_4_jpg.rf.7b9c0cfecb8b1004d91c6054ac3c9da4.jpg,640,640,No_Action,0,428,200,640
umpire_4_jpg.rf.7b9c0cfecb8b1004d91c6054ac3c9da4.jpg,640,640,Wide,268,428,626,640
umpire_292_jpg.rf.8825c25041d517bbb8203e3e6cf4cf44.jpg,640,640,Six,209,76,448,557
umpire_162_jpg.rf.8696d34369893d6e7e7298ac8b51553d.jpg,640,640,No_Action,186,195,540,634
umpire_88_jpg.rf.8389771bc4793b88532074fd61612545.jpg,640,640,Wide,0,0,307,286
umpire_88_jpg.rf.8389771bc4793b88532074fd61612545.jpg,640,640,Six,307,0,536,300
umpire_88_jpg.rf.8389771bc4793b88532074fd61612545.jpg,640,640,Wide,0,332,307,640
umpire_88_jpg.rf.8389771bc4793b88532074fd61612545.jpg,640,640,Wide,307,300,640,640
umpire_98_jpg.rf.8f90188dc3307e20672f0544b0f9be8f.jpg,640,640,No_Ball,306,69,618,640
umpire_119_jpg.rf.8acc5172cbe2e0cf29be0aa9ebab08bf.jpg,640,640,Six,173,13,527,606
umpire_145_jpg.rf.8f8cb94cbe6dcf319525de38d904b26d.jpg,640,640,Six,0,0,326,307
umpire_145_jpg.rf.8f8cb94cbe6dcf319525de38d904b26d.jpg,640,640,Six,326,0,640,307
umpire_145_jpg.rf.8f8cb94cbe6dcf319525de38d904b26d.jpg,640,640,Wide,0,369,320,640
umpire_145_jpg.rf.8f8cb94cbe6dcf319525de38d904b26d.jpg,640,640,Wide,326,307,640,640
umpire_77_jpg.rf.91478b76978e0ad59f92218123e980fa.jpg,640,640,No_Ball,89,59,313,384
umpire_77_jpg.rf.91478b76978e0ad59f92218123e980fa.jpg,640,640,Wide,313,58,605,384
umpire_77_jpg.rf.91478b76978e0ad59f92218123e980fa.jpg,640,640,No_Action,0,384,313,640
umpire_77_jpg.rf.91478b76978e0ad59f92218123e980fa.jpg,640,640,Out,313,384,557,640
umpire_142_jpg.rf.8bba1502a655aac21be69c7086b280b5.jpg,640,640,Wide,0,0,300,358
umpire_142_jpg.rf.8bba1502a655aac21be69c7086b280b5.jpg,640,640,Wide,300,0,640,358
umpire_142_jpg.rf.8bba1502a655aac21be69c7086b280b5.jpg,640,640,Six,4,358,300,640
umpire_142_jpg.rf.8bba1502a655aac21be69c7086b280b5.jpg,640,640,Wide,300,358,640,640
umpire_78_jpg.rf.949aceb33a96a1958fd48065cbbf82f9.jpg,640,640,No_Ball,0,0,256,435
umpire_78_jpg.rf.949aceb33a96a1958fd48065cbbf82f9.jpg,640,640,Wide,256,0,640,283
umpire_78_jpg.rf.949aceb33a96a1958fd48065cbbf82f9.jpg,640,640,No_Action,0,435,256,640
umpire_78_jpg.rf.949aceb33a96a1958fd48065cbbf82f9.jpg,640,640,Six,256,435,534,640
umpire_16_jpg.rf.960c645a06f5fe3f20c870daf9e841db.jpg,640,640,Out,0,0,281,211
umpire_16_jpg.rf.960c645a06f5fe3f20c870daf9e841db.jpg,640,640,No_Action,281,0,479,211
umpire_16_jpg.rf.960c645a06f5fe3f20c870daf9e841db.jpg,640,640,Out,0,211,281,640
umpire_16_jpg.rf.960c645a06f5fe3f20c870daf9e841db.jpg,640,640,Six,281,211,640,640
umpire_34_jpg.rf.923f0e5e9523a087179c9dc7c05bc14c.jpg,640,640,Out,0,43,86,222
umpire_34_jpg.rf.923f0e5e9523a087179c9dc7c05bc14c.jpg,640,640,Six,345,0,446,165
umpire_34_jpg.rf.923f0e5e9523a087179c9dc7c05bc14c.jpg,640,640,Wide,0,326,116,452
umpire_34_jpg.rf.923f0e5e9523a087179c9dc7c05bc14c.jpg,640,640,No_Ball,345,326,640,640
umpire_4_jpg.rf.91f0aa0afc27e01b2bbb8c8905cc8513.jpg,640,640,Six,0,0,395,326
umpire_4_jpg.rf.91f0aa0afc27e01b2bbb8c8905cc8513.jpg,640,640,No_Ball,448,0,640,326
umpire_4_jpg.rf.91f0aa0afc27e01b2bbb8c8905cc8513.jpg,640,640,Out,150,326,404,640
umpire_4_jpg.rf.91f0aa0afc27e01b2bbb8c8905cc8513.jpg,640,640,Out,448,326,640,640
umpire_273_jpg.rf.98ae02c85a39e9e4bc27f24501f87c9e.jpg,640,640,No_Action,23,0,288,345
umpire_273_jpg.rf.98ae02c85a39e9e4bc27f24501f87c9e.jpg,640,640,No_Action,288,0,640,345
umpire_273_jpg.rf.98ae02c85a39e9e4bc27f24501f87c9e.jpg,640,640,Six,0,345,157,640
umpire_273_jpg.rf.98ae02c85a39e9e4bc27f24501f87c9e.jpg,640,640,Wide,288,345,604,640
umpire_73_jpg.rf.9bcf218809f124aad84f1c95864e5a67.jpg,640,640,No_Ball,80,112,475,640
umpire_157_jpg.rf.a21fd5a67613e08f827fe280ed7cd6d7.jpg,640,640,Out,225,63,438,614
umpire_137_jpg.rf.94a8291d6cd0b6d1c417776eac235f1d.jpg,640,640,Wide,1,94,640,587
umpire_278_jpg.rf.9e304df50c08f74dc2f838f4bfe1feaf.jpg,640,640,Six,199,104,422,574
umpire_250_jpg.rf.9ad346285aa1a88508f043195b64eeaa.jpg,640,640,No_Action,230,58,640,448
umpire_250_jpg.rf.9ad346285aa1a88508f043195b64eeaa.jpg,640,640,No_Ball,0,448,230,640
umpire_250_jpg.rf.9ad346285aa1a88508f043195b64eeaa.jpg,640,640,No_Action,230,448,640,640
umpire_127_jpg.rf.a49e0a0f4559b0c3c1d10d23c800ae06.jpg,640,640,Wide,0,0,275,358
umpire_127_jpg.rf.a49e0a0f4559b0c3c1d10d23c800ae06.jpg,640,640,No_Ball,275,1,527,358
umpire_127_jpg.rf.a49e0a0f4559b0c3c1d10d23c800ae06.jpg,640,640,Six,0,358,274,640
umpire_127_jpg.rf.a49e0a0f4559b0c3c1d10d23c800ae06.jpg,640,640,No_Ball,275,358,640,640
umpire_69_jpg.rf.a27b2dbf2594abba85f872f9f8bfac1f.jpg,640,640,Wide,0,0,249,364
umpire_69_jpg.rf.a27b2dbf2594abba85f872f9f8bfac1f.jpg,640,640,Wide,249,0,640,364
umpire_69_jpg.rf.a27b2dbf2594abba85f872f9f8bfac1f.jpg,640,640,No_Ball,0,364,249,640
umpire_69_jpg.rf.a27b2dbf2594abba85f872f9f8bfac1f.jpg,640,640,No_Ball,249,364,640,640
umpire_36_jpg.rf.9e3e75f691dbae096dfbf131bd26dca0.jpg,640,640,Out,241,143,426,537
umpire_43_jpg.rf.a1a12d1435e11fbcec4363e0e0094c45.jpg,640,640,Out,236,86,456,546
umpire_233_jpg.rf.a3b851a12ea47e6a59ff2abd2305d5b1.jpg,640,640,Six,6,0,274,358
umpire_233_jpg.rf.a3b851a12ea47e6a59ff2abd2305d5b1.jpg,640,640,No_Ball,462,0,640,358
umpire_233_jpg.rf.a3b851a12ea47e6a59ff2abd2305d5b1.jpg,640,640,No_Action,67,358,294,640
umpire_233_jpg.rf.a3b851a12ea47e6a59ff2abd2305d5b1.jpg,640,640,No_Ball,294,358,514,640
umpire_35_jpg.rf.a2cf0ae41595b521a9d7060dc4017e88.jpg,640,640,Out,145,135,345,345
umpire_35_jpg.rf.a2cf0ae41595b521a9d7060dc4017e88.jpg,640,640,Wide,366,87,640,345
umpire_35_jpg.rf.a2cf0ae41595b521a9d7060dc4017e88.jpg,640,640,No_Ball,116,389,345,640
umpire_35_jpg.rf.a2cf0ae41595b521a9d7060dc4017e88.jpg,640,640,Wide,345,345,640,640
umpire_118_jpg.rf.a58040ee97c64662b110554f8964ccad.jpg,640,640,No_Ball,0,0,249,172
umpire_118_jpg.rf.a58040ee97c64662b110554f8964ccad.jpg,640,640,Six,249,0,576,172
umpire_118_jpg.rf.a58040ee97c64662b110554f8964ccad.jpg,640,640,No_Action,134,172,249,640
umpire_118_jpg.rf.a58040ee97c64662b110554f8964ccad.jpg,640,640,Out,249,172,604,640
umpire_85_jpg.rf.a504983ea590f7316d4cb7b0d1db25d3.jpg,640,640,Wide,0,0,140,202
umpire_85_jpg.rf.a504983ea590f7316d4cb7b0d1db25d3.jpg,640,640,Out,391,0,640,288
umpire_85_jpg.rf.a504983ea590f7316d4cb7b0d1db25d3.jpg,640,640,Wide,0,288,140,640
umpire_85_jpg.rf.a504983ea590f7316d4cb7b0d1db25d3.jpg,640,640,Wide,140,288,640,640
umpire_90_jpg.rf.a88f340e4fe745c07fcef9e4a6aef2fe.jpg,640,640,Six,0,0,371,377
umpire_90_jpg.rf.a88f340e4fe745c07fcef9e4a6aef2fe.jpg,640,640,Six,371,0,538,303
umpire_90_jpg.rf.a88f340e4fe745c07fcef9e4a6aef2fe.jpg,640,640,Six,115,377,371,640
umpire_90_jpg.rf.a88f340e4fe745c07fcef9e4a6aef2fe.jpg,640,640,No_Action,386,377,640,640
umpire_292_jpg.rf.a7fc3d487697f03220384d54f5488f0c.jpg,640,640,Six,0,0,262,345
umpire_292_jpg.rf.a7fc3d487697f03220384d54f5488f0c.jpg,640,640,No_Ball,262,0,640,345
umpire_292_jpg.rf.a7fc3d487697f03220384d54f5488f0c.jpg,640,640,Out,0,345,262,640
umpire_292_jpg.rf.a7fc3d487697f03220384d54f5488f0c.jpg,640,640,No_Ball,358,372,640,640
umpire_30_jpg.rf.b00b9c5733211fe62bb5fa903eae3496.jpg,640,640,No_Ball,252,6,492,640
umpire_273_jpg.rf.a8ccdb8bc2664f90746b3230ba192080.jpg,640,640,Six,527,0,640,390
umpire_273_jpg.rf.a8ccdb8bc2664f90746b3230ba192080.jpg,640,640,Out,384,390,640,640
umpire_111_jpg.rf.ae017405df14a459645b2b9b5e668a07.jpg,640,640,Six,131,0,281,313
umpire_111_jpg.rf.ae017405df14a459645b2b9b5e668a07.jpg,640,640,Six,281,0,481,313
umpire_111_jpg.rf.ae017405df14a459645b2b9b5e668a07.jpg,640,640,Out,0,313,281,640
umpire_111_jpg.rf.ae017405df14a459645b2b9b5e668a07.jpg,640,640,No_Ball,281,356,640,640
umpire_135_jpg.rf.a90d5f5741e3a83009594156f39a25a5.jpg,640,640,No_Ball,38,7,411,640
umpire_162_jpg.rf.b0a789f1254287dce2cd7f52548fec1e.jpg,640,640,No_Action,0,107,274,294
umpire_162_jpg.rf.b0a789f1254287dce2cd7f52548fec1e.jpg,640,640,Wide,320,0,640,294
umpire_162_jpg.rf.b0a789f1254287dce2cd7f52548fec1e.jpg,640,640,Out,0,294,170,640
umpire_162_jpg.rf.b0a789f1254287dce2cd7f52548fec1e.jpg,640,640,Out,320,294,494,607
umpire_29_jpg.rf.aaadbb83c4c6f23a82ce7816b1ad7ac4.jpg,640,640,No_Ball,0,0,262,345
umpire_29_jpg.rf.aaadbb83c4c6f23a82ce7816b1ad7ac4.jpg,640,640,Out,262,40,371,345
umpire_29_jpg.rf.aaadbb83c4c6f23a82ce7816b1ad7ac4.jpg,640,640,Six,0,345,182,640
umpire_29_jpg.rf.aaadbb83c4c6f23a82ce7816b1ad7ac4.jpg,640,640,No_Action,262,345,640,640
umpire_90_jpg.rf.b9449f112e28967eb18d6a413fcfab9f.jpg,640,640,Six,95,1,546,636
umpire_95_jpg.rf.b3ab6dc7443f73a06297f88c5261dbe8.jpg,640,640,Six,0,0,153,313
umpire_95_jpg.rf.b3ab6dc7443f73a06297f88c5261dbe8.jpg,640,640,No_Action,425,0,640,250
umpire_95_jpg.rf.b3ab6dc7443f73a06297f88c5261dbe8.jpg,640,640,No_Ball,0,313,153,640
umpire_95_jpg.rf.b3ab6dc7443f73a06297f88c5261dbe8.jpg,640,640,Out,231,313,596,640
umpire_161_jpg.rf.bd7340a784664bbbe07d96371e92ce90.jpg,640,640,Wide,16,21,629,640
umpire_4_jpg.rf.c29e472c67b7149c8c6e303909aa8a76.jpg,640,640,Six,225,19,557,587
umpire_36_jpg.rf.c7bbbac27b6aa992f9d7cadcd2577601.jpg,640,640,Out,0,38,217,262
umpire_36_jpg.rf.c7bbbac27b6aa992f9d7cadcd2577601.jpg,640,640,No_Action,454,0,640,262
umpire_36_jpg.rf.c7bbbac27b6aa992f9d7cadcd2577601.jpg,640,640,Wide,59,262,416,640
umpire_36_jpg.rf.c7bbbac27b6aa992f9d7cadcd2577601.jpg,640,640,Wide,416,262,640,640
umpire_257_jpg.rf.c781dfe17e8145bda8454b57fe98a8a2.jpg,640,640,Six,44,0,300,262
umpire_257_jpg.rf.c781dfe17e8145bda8454b57fe98a8a2.jpg,640,640,Out,423,114,624,262
umpire_257_jpg.rf.c781dfe17e8145bda8454b57fe98a8a2.jpg,640,640,No_Ball,0,262,300,640
umpire_257_jpg.rf.c781dfe17e8145bda8454b57fe98a8a2.jpg,640,640,No_Action,300,262,582,640
umpire_111_jpg.rf.c7a1d39a0018975ceb05ec788c7aad86.jpg,640,640,Six,0,0,254,332
umpire_111_jpg.rf.c7a1d39a0018975ceb05ec788c7aad86.jpg,640,640,Out,425,0,640,332
umpire_111_jpg.rf.c7a1d39a0018975ceb05ec788c7aad86.jpg,640,640,Wide,0,332,256,524
umpire_111_jpg.rf.c7a1d39a0018975ceb05ec788c7aad86.jpg,640,640,Out,275,332,562,640
umpire_157_jpg.rf.c84210dac9388cd749e637fae5938e05.jpg,640,640,Out,0,0,266,288
umpire_157_jpg.rf.c84210dac9388cd749e637fae5938e05.jpg,640,640,Wide,396,0,640,288
umpire_157_jpg.rf.c84210dac9388cd749e637fae5938e05.jpg,640,640,Wide,0,355,396,640
umpire_157_jpg.rf.c84210dac9388cd749e637fae5938e05.jpg,640,640,No_Action,453,288,640,640
umpire_88_jpg.rf.cab0eb5e18ee76decaf1318d3f8550d7.jpg,640,640,Wide,529,17,640,358
umpire_88_jpg.rf.cab0eb5e18ee76decaf1318d3f8550d7.jpg,640,640,No_Ball,275,403,640,640
umpire_13_jpg.rf.cafc6906f424d2fcb8655c2b8be6540c.jpg,640,640,No_Ball,19,161,430,570
umpire_292_jpg.rf.cc5407051b88f242fb0a3435bf0b8392.jpg,640,640,Six,129,0,415,336
umpire_292_jpg.rf.cc5407051b88f242fb0a3435bf0b8392.jpg,640,640,Six,583,0,640,328
umpire_292_jpg.rf.cc5407051b88f242fb0a3435bf0b8392.jpg,640,640,No_Action,125,358,428,640
umpire_292_jpg.rf.cc5407051b88f242fb0a3435bf0b8392.jpg,640,640,No_Ball,428,358,640,640
umpire_17_jpg.rf.b5a5ca29aba1c870b4872ed78e46b5f5.jpg,640,640,No_Ball,0,0,268,262
umpire_17_jpg.rf.b5a5ca29aba1c870b4872ed78e46b5f5.jpg,640,640,No_Action,268,17,402,262
umpire_17_jpg.rf.b5a5ca29aba1c870b4872ed78e46b5f5.jpg,640,640,No_Ball,0,262,268,640
umpire_17_jpg.rf.b5a5ca29aba1c870b4872ed78e46b5f5.jpg,640,640,No_Action,268,262,620,640
umpire_35_jpg.rf.d132c7ac7f9633f3c7ce7998e5ecf426.jpg,640,640,Out,251,148,416,546
umpire_137_jpg.rf.c9de86bdbca3f2442faf77b4ccabe23c.jpg,640,640,Wide,0,0,345,332
umpire_137_jpg.rf.c9de86bdbca3f2442faf77b4ccabe23c.jpg,640,640,No_Ball,372,70,640,332
umpire_137_jpg.rf.c9de86bdbca3f2442faf77b4ccabe23c.jpg,640,640,Out,0,339,158,640
umpire_137_jpg.rf.c9de86bdbca3f2442faf77b4ccabe23c.jpg,640,640,Wide,428,379,640,640
umpire_29_jpg.rf.cc0d2c8fa941f60438b007fe98d0ba78.jpg,640,640,No_Ball,0,0,294,422
umpire_29_jpg.rf.cc0d2c8fa941f60438b007fe98d0ba78.jpg,640,640,No_Action,561,0,640,422
umpire_29_jpg.rf.cc0d2c8fa941f60438b007fe98d0ba78.jpg,640,640,No_Action,331,0,594,422
umpire_29_jpg.rf.cc0d2c8fa941f60438b007fe98d0ba78.jpg,640,640,Wide,0,474,294,640
umpire_29_jpg.rf.cc0d2c8fa941f60438b007fe98d0ba78.jpg,640,640,No_Action,294,578,614,640
umpire_203_jpg.rf.b9fd04555d241bb92a40ce58745e2bcd.jpg,640,640,No_Ball,36,44,511,640
umpire_77_jpg.rf.d8ae9db4153d81a0d5b1480a1cdea36f.jpg,640,640,No_Ball,0,0,277,160
umpire_77_jpg.rf.d8ae9db4153d81a0d5b1480a1cdea36f.jpg,640,640,Six,281,0,571,160
umpire_77_jpg.rf.d8ae9db4153d81a0d5b1480a1cdea36f.jpg,640,640,Wide,0,171,281,601
umpire_77_jpg.rf.d8ae9db4153d81a0d5b1480a1cdea36f.jpg,640,640,Six,296,160,640,640
umpire_98_jpg.rf.d30e5f58b05707bbf5cb5eb5c2e37c9e.jpg,640,640,No_Ball,18,0,345,332
umpire_98_jpg.rf.d30e5f58b05707bbf5cb5eb5c2e37c9e.jpg,640,640,No_Ball,345,0,580,345
umpire_98_jpg.rf.d30e5f58b05707bbf5cb5eb5c2e37c9e.jpg,640,640,No_Ball,0,345,230,581
umpire_98_jpg.rf.d30e5f58b05707bbf5cb5eb5c2e37c9e.jpg,640,640,No_Ball,345,345,640,640
umpire_17_jpg.rf.dd4198896310edbaed13bbe70fd56dd3.jpg,640,640,No_Ball,48,6,504,640
umpire_256_jpg.rf.cc56ca777c88b408ad08644519114d50.jpg,640,640,Six,125,0,256,339
umpire_256_jpg.rf.cc56ca777c88b408ad08644519114d50.jpg,640,640,Wide,256,89,616,339
umpire_256_jpg.rf.cc56ca777c88b408ad08644519114d50.jpg,640,640,No_Ball,0,339,256,640
umpire_256_jpg.rf.cc56ca777c88b408ad08644519114d50.jpg,640,640,No_Ball,256,339,569,640
umpire_59_jpg.rf.d889200dd1f1e39118c239898a237141.jpg,640,640,Wide,0,0,335,307
umpire_59_jpg.rf.d889200dd1f1e39118c239898a237141.jpg,640,640,Out,358,39,483,307
umpire_59_jpg.rf.d889200dd1f1e39118c239898a237141.jpg,640,640,Wide,0,307,358,640
umpire_59_jpg.rf.d889200dd1f1e39118c239898a237141.jpg,640,640,Six,358,307,640,640
umpire_109_jpg.rf.d98035b53a1080f5295b1830c5501c13.jpg,640,640,No_Action,0,0,281,313
umpire_109_jpg.rf.d98035b53a1080f5295b1830c5501c13.jpg,640,640,Six,354,27,640,313
umpire_109_jpg.rf.d98035b53a1080f5295b1830c5501c13.jpg,640,640,Six,111,313,281,640
umpire_109_jpg.rf.d98035b53a1080f5295b1830c5501c13.jpg,640,640,Six,281,313,640,640
umpire_250_jpg.rf.dc3e7cae61877b3c42ffdd0e20c4623b.jpg,640,640,Six,0,0,306,358
umpire_250_jpg.rf.dc3e7cae61877b3c42ffdd0e20c4623b.jpg,640,640,Six,358,0,524,358
umpire_250_jpg.rf.dc3e7cae61877b3c42ffdd0e20c4623b.jpg,640,640,Wide,0,358,358,602
umpire_250_jpg.rf.dc3e7cae61877b3c42ffdd0e20c4623b.jpg,640,640,Six,358,358,639,640
umpire_107_jpg.rf.e13976b0a2c0a57408657778c8da388b.jpg,640,640,No_Ball,20,0,516,638
umpire_95_jpg.rf.de577f0b256534f9212fbc65c9110b3f.jpg,640,640,Six,164,0,524,640
umpire_285_jpg.rf.e701b3077e822d594afce2309404df6a.jpg,640,640,Out,0,0,66,143
umpire_285_jpg.rf.e701b3077e822d594afce2309404df6a.jpg,640,640,No_Action,268,0,359,287
umpire_285_jpg.rf.e701b3077e822d594afce2309404df6a.jpg,640,640,Six,0,377,258,640
umpire_285_jpg.rf.e701b3077e822d594afce2309404df6a.jpg,640,640,No_Ball,268,377,564,640
umpire_238_jpg.rf.e597d486596a53600e5ed0581ba3ee75.jpg,640,640,Out,5,0,285,352
umpire_238_jpg.rf.e597d486596a53600e5ed0581ba3ee75.jpg,640,640,Six,371,0,640,352
umpire_238_jpg.rf.e597d486596a53600e5ed0581ba3ee75.jpg,640,640,Six,0,352,243,640
umpire_238_jpg.rf.e597d486596a53600e5ed0581ba3ee75.jpg,640,640,Wide,371,352,640,548
umpire_193_jpg.rf.e2055837a58896d50290db3ee198d844.jpg,640,640,No_Action,0,0,331,243
umpire_193_jpg.rf.e2055837a58896d50290db3ee198d844.jpg,640,640,No_Ball,371,0,640,243
umpire_193_jpg.rf.e2055837a58896d50290db3ee198d844.jpg,640,640,Out,0,291,259,640
umpire_193_jpg.rf.e2055837a58896d50290db3ee198d844.jpg,640,640,No_Ball,371,243,640,640
umpire_107_jpg.rf.dbb71323ac3304d4b2b8b819112f0e05.jpg,640,640,No_Ball,0,0,243,281
umpire_107_jpg.rf.dbb71323ac3304d4b2b8b819112f0e05.jpg,640,640,No_Ball,0,281,243,640
umpire_107_jpg.rf.dbb71323ac3304d4b2b8b819112f0e05.jpg,640,640,No_Action,243,281,565,640
umpire_31_jpg.rf.ce494d54259ed436e44d81e8ee74337a.jpg,640,640,Out,0,0,80,294
umpire_31_jpg.rf.ce494d54259ed436e44d81e8ee74337a.jpg,640,640,Out,374,0,640,294
umpire_31_jpg.rf.ce494d54259ed436e44d81e8ee74337a.jpg,640,640,Six,0,294,249,640
umpire_31_jpg.rf.ce494d54259ed436e44d81e8ee74337a.jpg,640,640,Out,249,294,467,640
umpire_9_jpg.rf.d6fbd22e982c6c53c7a59c436a24fb21.jpg,640,640,No_Action,0,0,320,473
umpire_9_jpg.rf.d6fbd22e982c6c53c7a59c436a24fb21.jpg,640,640,No_Action,380,0,640,473
umpire_9_jpg.rf.d6fbd22e982c6c53c7a59c436a24fb21.jpg,640,640,Out,0,473,194,640
umpire_9_jpg.rf.d6fbd22e982c6c53c7a59c436a24fb21.jpg,640,640,Wide,352,556,640,640
umpire_12_jpg.rf.e7d5690542f0c58b56d9db22333e5397.jpg,640,640,Six,1,0,294,332
umpire_12_jpg.rf.e7d5690542f0c58b56d9db22333e5397.jpg,640,640,No_Ball,294,0,592,332
umpire_12_jpg.rf.e7d5690542f0c58b56d9db22333e5397.jpg,640,640,No_Ball,223,332,294,640
umpire_12_jpg.rf.e7d5690542f0c58b56d9db22333e5397.jpg,640,640,No_Ball,318,332,640,640
umpire_256_jpg.rf.e8d9e5fa08af7c7289b506a5fb567281.jpg,640,640,Six,192,16,392,640
umpire_187_jpg.rf.ef2175449b1958246b94f499279fdc75.jpg,640,640,Out,178,6,593,640
umpire_105_jpg.rf.ecd45432cfb2f5df12b60ef8753aec57.jpg,640,640,No_Action,129,0,364,499
umpire_105_jpg.rf.ecd45432cfb2f5df12b60ef8753aec57.jpg,640,640,Six,364,0,640,499
umpire_105_jpg.rf.ecd45432cfb2f5df12b60ef8753aec57.jpg,640,640,No_Ball,0,499,332,640
umpire_105_jpg.rf.ecd45432cfb2f5df12b60ef8753aec57.jpg,640,640,Six,364,499,545,640
umpire_29_jpg.rf.f635a855ee6473c9077568182f193da3.jpg,640,640,No_Ball,70,56,466,640
umpire_105_jpg.rf.eaa115e68e7169db114d5a599e3abce3.jpg,640,640,No_Action,324,10,577,598
umpire_135_jpg.rf.efd0a3397c74bb9608aadf9399370cc8.jpg,640,640,No_Ball,69,0,243,320
umpire_135_jpg.rf.efd0a3397c74bb9608aadf9399370cc8.jpg,640,640,No_Ball,381,0,640,283
umpire_135_jpg.rf.efd0a3397c74bb9608aadf9399370cc8.jpg,640,640,Six,0,320,191,587
umpire_135_jpg.rf.efd0a3397c74bb9608aadf9399370cc8.jpg,640,640,Out,363,423,581,640
umpire_127_jpg.rf.f27ac36a836e17a689dc3761ebd0a54d.jpg,640,640,Wide,3,6,638,640
umpire_3_jpg.rf.f5743f9f6874864640472dd189698744.jpg,640,640,No_Action,0,0,262,422
umpire_3_jpg.rf.f5743f9f6874864640472dd189698744.jpg,640,640,Six,262,0,602,422
umpire_3_jpg.rf.f5743f9f6874864640472dd189698744.jpg,640,640,No_Action,0,422,262,640
umpire_3_jpg.rf.f5743f9f6874864640472dd189698744.jpg,640,640,No_Ball,262,422,640,640
umpire_257_jpg.rf.e733d0464bfdc3c23b5fbb6becbface5.jpg,640,640,Six,195,6,394,640
umpire_31_jpg.rf.f7ab5bcc78380d1a6bda080044a77f26.jpg,640,640,Out,0,0,87,105
umpire_31_jpg.rf.f7ab5bcc78380d1a6bda080044a77f26.jpg,640,640,Wide,217,0,640,256
umpire_31_jpg.rf.f7ab5bcc78380d1a6bda080044a77f26.jpg,640,640,Wide,0,256,217,603
umpire_31_jpg.rf.f7ab5bcc78380d1a6bda080044a77f26.jpg,640,640,No_Ball,217,256,640,640
umpire_34_jpg.rf.f9ab90b457af78a2a5e7609ab81070e4.jpg,640,640,Out,20,0,271,243
umpire_34_jpg.rf.f9ab90b457af78a2a5e7609ab81070e4.jpg,640,640,Out,460,0,640,243
umpire_34_jpg.rf.f9ab90b457af78a2a5e7609ab81070e4.jpg,640,640,Wide,0,243,275,640
umpire_34_jpg.rf.f9ab90b457af78a2a5e7609ab81070e4.jpg,640,640,Out,275,243,510,640
umpire_142_jpg.rf.f6ff0e7fba2b47943adadd95231fc2d4.jpg,640,640,Wide,0,0,300,467
umpire_142_jpg.rf.f6ff0e7fba2b47943adadd95231fc2d4.jpg,640,640,No_Action,300,0,640,467
umpire_142_jpg.rf.f6ff0e7fba2b47943adadd95231fc2d4.jpg,640,640,Six,0,467,300,640
umpire_142_jpg.rf.f6ff0e7fba2b47943adadd95231fc2d4.jpg,640,640,No_Ball,300,467,640,640
umpire_30_jpg.rf.fe70181678612c745eb47a2ea73c60c1.jpg,640,640,No_Ball,0,0,275,313
umpire_30_jpg.rf.fe70181678612c745eb47a2ea73c60c1.jpg,640,640,No_Ball,275,0,640,313
umpire_30_jpg.rf.fe70181678612c745eb47a2ea73c60c1.jpg,640,640,Out,0,313,164,640
umpire_30_jpg.rf.fe70181678612c745eb47a2ea73c60c1.jpg,640,640,Six,388,313,640,640
umpire_250_jpg.rf.f921ddf08d3df45873b5a58d069edc05.jpg,640,640,Six,214,70,418,640
umpire_142_jpg.rf.ff0425d71b0bce1f656bd341b809243c.jpg,640,640,Wide,13,6,632,640
umpire_118_jpg.rf.ff0526cb1a10d34b5a2da3653a64961e.jpg,640,640,No_Ball,80,6,542,640